fb_RwalMSc8	You're trapped without even knowing it: Google's massive counterattack | Show Me the Yeonsur	구글
xGIPAhDXYtI	There are stocks that stand to benefit directly from the NVIDIA ecosystem [Z1 News]	엔비디아
r58yKLu4e10	Shocking! Google's 200 Trillion Won Investment Plan: A New World for AI [Together]	구글
PBH0rkYT4bw	Palantir's collapse despite record earnings: Are software companies headed for a downfall? [Z1 News]	팔란티어
HYv3lidgwew	[Breaking News] Palantir's stock price plummeted despite these earnings??? I couldn't sleep and w...	팔란티어
M5AM7fqcQgM	The ultimate AI winner is bound to be Google | Show Me the Yeonsur	구글
CxoGPE19MTY	How far will Hynix's meteoric rise, surpassing even Samsung Electronics and TSMC in operating pro...	TSMC
wf7MJrKGQIc	The End of Tesla's Monopoly? The Prelude to Nvidia's Counterattack | Show Me the Yeonsur	테슬라
PVER-RRv86o	The Beginning of a Turnaround for Hyundai, Said to Be Over... The Shocking Reason NVIDIA Is Pushi...	엔비디아
F9psUuxdIrk	The AI ​​war continues in the new year! NVIDIA's $28 trillion bet | Show Me the Yeonsur	엔비디아
pA4wxnzy4lI	We asked Tesla employees directly why they are shunning FSD. Former Tesla engineer Maeng Seong-jun	테슬라
c_w0qjj830U	The Oracle-Broadcom Shock: It Wasn't AI That Was Broken, It Was This That Was the Problem ⎮ Month...	브로드컴
Iv6bnsubPBA	"US Soldiers' Hearts Stopped"... Trump's Emergency Call to Palantir Reveals the Real Crisis Hidde...	팔란티어
j0Civ2n9DTA	Tesla Rekindles the "21st Century American Dream" [Sparkling Investment Club]	테슬라
Lw4cr7X6a_A	"AI Wars? You guys should handle that amongst yourselves." The shocking reason Apple is just watc...	애플
7_Y-3PT1NVg	What I wanted to tell my daughter after riding the Tesla FSD for the first time	테슬라
qA24EGvIGAM	"지우개로~ 기억을 지울 수만 있다면~"ㅣ이효석아카데미 오리지날 박성진 대표 [버핏 2부]	버핏
ZcsZNz7Aa3c	Google's Alphabet is soaring! Should you buy now? Here's my thoughts | Week 4 of November, Z1 News	구글
eB7WII1-hM8	Tesla's FSD will change the world faster than electric vehicles | Dr. Kang Jeong-su, Blue Dot AI ...	테슬라
yRvwSM53_pE	Warren Buffett's Last Bet: Google! | Weekend Briefing	구글
MvoxNnRNEyU	What Tesla Doesn't Have but Waymo Has | Jung Joo-yong, CEO of Gravity Ventures [Part 1]	테슬라
_HmNPUPiFjw	Elon Musk vs. Sam Altman: Who Will Become the AI ​​King? | Former Tesla Engineer Maeng Seong-jun	테슬라
nAYpInLkvng	Samsung's Real Secret Weapon to Take Down TSMC - Monthly Asin, November 3rd Issue [IT God CEO Lee...	TSMC
gsFKoy3Cacc	1조 달러 받게 된 일론 머스크 바로 옆에서 보면 이렇습니다ㅣ맹성준 전 테슬라 엔지니어 [풀영상]	테슬라
WdKZvVrHGJc	Tesla and Elon Musk's $1 Trillion Compensation Plan! Why Elon Musk Must Accept It | Z1 News, Week...	테슬라
Cc6WfQnRSB4	[Breaking News] "This Time It's an AI Bubble": Betting Fully on Palantir Stock Price Decline	팔란티어
nU0Wf_ylXmE	[Breaking News] Berkshire's record-breaking cash holdings fuel the growing AI bubble debate.	버핏
vpZVprALMj4	Silicon Valley's Biggest Issues, Little Known in Korea | Former Tesla Engineer Maeng Seong-jun [P...	테슬라
E0GrkSQ9DrM	팔란티어를 넘어서는 AI기업은 나올 수가 없어요ㅣ변우철 KT 본부장 [풀영상]	팔란티어
_g7RqdBZo-g	"The Age of Electric Vehicles Has Arrived" Is Thoroughly False | Former Tesla Engineer Maeng Seon...	테슬라
wtljK6dILCM	Why I Trembled Working for Musk | Former Tesla Engineer Maeng Seong-jun [Part 1]	테슬라
g6iOm6Ls29c	Alex Karp lands in Seongsu-dong! Why did B2B company Palantir open a pop-up store? | Z1 News, Wee...	팔란티어
_d-TdZQQsGo	OpenAI Chooses AMD Over Nvidia, Bringing a New Wind to the GPU Market - Monthly Asin, October 2nd...	AMD
MHlSNaE9X5M	AMD Stock Soars 23% After Chip Deal with OpenAI	AMD
miXZUQOau6w	아직도 비트코인 투자를 망설이는 분들을 위한 영상 [비트코인 전문가 인터뷰 몰아보기]	비트코인
UN4BGxMrOdc	The One Company Threatening NVIDIA: Here's Shin Hyung-kwan, CEO of China Capital Research Institu...	엔비디아
HV8sG-r-Jmw	[Breaking News] NVIDIA's Slope: Let's Try Jensen Huang's Bing	엔비디아
oFipV8iM9gQ	Why Palantir is the "Levi's" of the AI ​​Era | Byun Woo-cheol, Head of KT Headquarters [Part 4]	팔란티어
FETTD-DnzYk	Palantir Ontology: No More Explanation | Woo-cheol Byun, Head of KT Headquarters [Part 3]	팔란티어
T0p6xl9Uj_Q	Why Domestic Companies Don't Use Palantir, Which Saves Billions | KT Headquarters Director Byun W...	팔란티어
_CQfTYSXHzc	The Story of Korea's First Domestic Palantir Launch: KT Head of Headquarters Byun Woo-cheol [Part 1]	팔란티어
b3UEg8RT_FQ	Tesla's meteoric rise: The real game starts now | Week 3 of September	테슬라
hSSehJ53wdQ	Tesla 3.0	테슬라
N5dpUwbTJDc	Musk's Return: Will Tesla's Real Rise Begin? (feat. September Investment Strategy)	테슬라
YPJ0S9mxeX8	1조 달러 보상받는 머스크, 제가 테슬라 들고있는 이유ㅣ9월 2주 주간뉴스	테슬라
BrE_mAVUucs	Google? Apple? Hmm... I like this guy...ㅣSeptember 1st Weekly Overseas News	구글,애플
ubJFPw0mudw	Tesla 2	테슬라
3eHLRnTVAIk	이더리움에 대해 한말씀 올리겠습니다ㅣ모라구효	이더리움
4xucQPtBR7U	NVIDIA: Why the Future is More Expected | August 4th Weekly News	엔비디아
s5Yrs7oLN3s	Palantir's -10% plunge: Is it a Black Friday or a downfall? | Week 3 of August: Overseas News	팔란티어
5QTBiPX5ECM	[Breaking News] Palantir's Stock Price Plummeted Last Night: Here's What I Think	팔란티어
0Yx_FX1wJBs	팔란티어 적정주가를 생각하는 방법ㅣ정주용 그래비티벤처스 CIO [풀영상]	팔란티어
L6388TBfHKU	From Tesla to Apple? Samsung Electronics is getting a lot of love! Should I buy now? | Week 1 of ...	애플,테슬라
CiTqF4DCOpk	Why Palantir is Unrivaled | Jung Joo-yong, CIO, Gravity Ventures [Part 1]	팔란티어
SKAkotsoMvs	[Breaking News] Palantir's Breaking Performance: A Word from CEO Alex Karp	팔란티어
EEWgoveGoNc	Tesla and Elon Musk: Putting Samsung to the Test | Dr. Ji-Hoon Jeong, General Partner, ASIA2G Cap...	테슬라
Me-o-i7j9r0	Tesla	테슬라
_Cspnk1NRAU	Tesla: A Light for Samsung Electronics and LG Energy Solution | Week 5 of July: Overseas News	테슬라
-3soPkxRog8	Why Tesla Ditched TSMC and Joined Forces with Samsung Electronics | Jihoon Jeong, General Partner...	TSMC,테슬라
DiDZ2DSil3M	Should I continue to trust Tesla? Think of it this way.	테슬라
7H1VUXOPbFA	How to Create a K-Palantir: This Is All You Need to Know ⎮ Jeong Seon-yeong, Deputy Director of t...	팔란티어
VlsHrXt5Tyo	If Apple goes down, it's because of this company | Shin Hyung-kwan, head of China Capital Market ...	애플
6pRtfGjdwQM	[Breaking News] Tesla stock plummets after Musk announces creation of American Party?	테슬라
wxX_eV4aJIY	[Breaking News] NVIDIA Reclaims Market Cap No. 1! Leading Stocks: AI+Crypto	엔비디아
MBDQXXT3iuY	드디어 움직인다! 테슬라 로보택시!ㅣ강정수 박사 [풀영상]	테슬라
JxtKYw_5xpA	팔란티어 주가, 지금이 딱 매력적인 이유ㅣ배경율 교수 [풀영상]	팔란티어
90RvoCWxJBU	[속보효] 이란, 호르무츠 해협 봉쇄? 팩트체크, 비트코인 급락중	비트코인
V_WQDUD1rzI	[속보효] 중국의 디플레가 비트코인을 성장시킨다	비트코인
yjorv5x-nL0	[속보효] 트럼프·머스크 결별 선언? 테슬라 '초급락'	테슬라
bF_SQGKxd8Y	[Breaking News] NVIDIA's Earnings Announcement: AI is Back!	엔비디아
ZRqiYzWcqAc	[월간아신 5월] 삼성전자 HBM4로 역전 퀀텀점프? [3부]	삼성전자
m3W-9zcPuW8	[Just Hyo] I can't say for sure that no one would describe Palantir like this.	팔란티어
9uQGRhN5zDc	[먼슬리구루] 버핏이 떠난 후 버크셔는 이렇게 바뀝니다 [5월 1부-워렌 버핏]	버핏
RHNf6N6Z7UQ	[속보효] 비트코인 All Time High! 향후 전망은?	비트코인
4gWPcjKvPc0	영업이익 870% 폭등해버린 셀트리온 회계 장부를 까보니까 이런게 있네요ㅣ김수헌 MTN 기업경제센터 센터장	셀트리온
X1RuyiJIcN4	[그냥효] 엔비디아 비트코인 매입 루머, 왜 이런 소문이 났을까?	비트코인,엔비디아
hnB5m7c1zrs	Tesla's Low-Cost Model Launch: Will It Begin a Rebound? | Center Director Kang Jeong-su [Part 3]	테슬라
H97HBiPY1uY	로봇 춤이 세상을 흔든다? 테슬라의 충격적인 기술ㅣ강정수 센터장 [2부]	테슬라
56Ordox1IyM	6월 테슬라 로보택시, 진짜 시작합니다ㅣ강정수 센터장 [1부]	테슬라
SvdxoYbbmM4	금은 비트코인에 비해 모든 것이 부족합니다 ㅣ'사토시 테라피' 저자 거스 쿤 작가 [2부]	비트코인
xMhVqMA0xF0	돈의 본질도 모르고 비트코인을 논하지 마라!ㅣ'사토시 테라피' 저자 거스 쿤 작가 [1부]	비트코인
qCmDIO3Oeko	[Morning Hyo] Markets are exhausted by Trump, and Palantir plummets 8% after-hours! What's going on?	팔란티어
K0apdvLjfwU	[월간아신 4월] TSMC 신기술 발표 삼성,SK의 미래는? [풀영상]	TSMC
o5KLs9yc-FE	[월간아신 4월] 중국시장 막히자 엔비디아가 이걸 꺼내들었다 [3부]	엔비디아
KFlTHfMND-0	[월간아신 4월] 파란 테슬라, 삼성에 반도체 통으로 맡긴다? [1부]	테슬라
4er-aOl77HI	[모터뷰] 전쟁으로 박살난 전차 1,000대, 유럽의 선택은 현대로템?	현대로템
vviQ3CnE7xk	TSMC, 가질 수 없다면 부셔버리겠어ㅣ김민석 기자 [2부]	TSMC
2ZvtYm7OwtY	[속보효] 비트코인이 반등한 5가지 이유	비트코인
mcUTGnHcO0A	K-팔란티어, 이제는 시작해야 합니다ㅣ정주용 그래비티벤처스 CIO [3부]	팔란티어
VqLuMhcUKME	한국은 AI 시장에서 실패하는 아주 정석적인 루트로 가고 있습니다ㅣLG전자 조봉수 상무 [2부]	LG전자
bvslLeta7xk	AI는 선택이 아닌 필수입니다. 사용하는자와 안하는자의 초격차는 더 벌어집니다ㅣLG전자 조봉수 상무 [1부]	LG전자
KJ_T1Upg8cc	[월간아신] 엔비디아 젠슨황 "지금부터 피터지게들 한번 싸워보세요" [2부]	엔비디아
dgiI8umi7zU	[Monthly Guru] There's a Reason Why Tesla Can't Be Highly Appreciated [March Part 2 - Ron Baron]	테슬라
rwrskji88z4	[속보효] 마이크로소프트 CEO 나델라가 한국에 왔다길래 얼굴 한번 보러 갔습니다	MS
46-4OlLNa6U	넷플릭스 납품하고 저작권 사골을 끝까지 우려먹는 일본, 만들고 끝 권리는 없는 한국ㅣ최준 한국은행 박사 [2부]	넷플릭스
37hICWrNcyE	[모라구효] 삼성전자 6만선 회복! 근데 그 이유가 누구 때문이라고??	삼성전자
2sZ73AM6xzI	[그냥효] 벼랑끝에 제대로 몰려버린 테슬라! 200달러와 800달러의 갈림길	테슬라
Z0wtGj_h6wM	[먼슬리구루] 미국 주식 폭락과 버핏이 작년 3월 부터 준비한 큰그림에 대하여 [먼슬리구루 워런버핏 모음]	버핏
5GVKrnNupHw	[Monthly Asin] NVIDIA's New Semiconductor Market Order [Full Video]	엔비디아
sXKFaGZpJRM	[속보효] 또 다시 레전드급 실적 나온 엔비디아! 전고점 돌파는 언제쯤 가능할까?	엔비디아
NJvDShhzy2M	내일 새벽 나올 엔비디아 실적발표전 투자자라면 반드시 봐야하는 영상입니다 [스파클링 투자클럽 3부]	엔비디아
0kty5LC_K_Y	[속보효] 9만불 깨져버린 비트코인...그런데 오히려 지금이 매수 기회라고?	비트코인
Kz_vyOJpx3I	[월간아신] 딥시크에 크게 한방 맞고 충격에 빠진 엔비디아! 이번 실적에서 중요하게 봐야하는 것은 '이것' [2부]	엔비디아
c_XQ-Ml1BwM	[월간아신] 또 한번 제대로 큰판 벌리는 엔비디아! 코앞으로 다가온 실적발표! 엔비디아는 반도체의 역사를 새로 쓸 수 있을까요? [1부]	엔비디아
sKH0bDxeqB8	[속보효] 다시 터지는 제2의 코로나 사태? 그리고 이더리움 해킹사건까지!	이더리움
gxOAl9_2UTo	[먼슬리구루] 존버KING 베일리 기포드가 엔비디아 테슬라 팔고 지켜보고 있는 '이 기업' [3부 - 베일리 기포드]	엔비디아,테슬라
fgobX4UsOMU	[먼슬리구루] 트럼프의 관세 폭탄 정책 덕분에 뒷골이 땡기는 워런 버핏의 묵직한 조언 [1부 - 워런 버핏]	버핏
-Yw4tqnj-fU	[Breaking News] Palantir's stock price plummets! Decision-making is crucial in these situations!	팔란티어
UyiH0tckFGs	비트코인 2배 오를 때 이 주식은 3배가 오릅니다. 비트코인 변동성에 무조건적인 충성을 하는 '이 주식' [스파클링 투자클럽 1부]	비트코인
_w0Ku8yydWc	아직 희망이 남아 있을지도 모릅니다! 삼성전자를 기다리는 봄날ㅣ최도연 SK증권 센터장 [2부]	삼성전자
m_kOVUgkEzo	[리뷰효] 팔란티어에 이번 실적과 전망에 대해서 제대로 정리해 드립니다.	팔란티어
g5qYBqq8PWU	[Just Hyo] I think this stock will be ranked #1 in market cap #Amazon	아마존
_Hb6_gGgiPY	[Breaking News] Palantir's stock price soared overnight after its earnings announcement! The reas...	팔란티어
jTRQmPQ2cKM	[월간아신] 봄이 오지 않을 것 같은 삼성전자의 현재 상황에 대하여 [1월호 3부]	삼성전자
PmX8o2bMtt0	[속보효] 중국발 딥시크? 뭐 어쩔까? 미국 증시 캐리하는 테슬라와 메타	메타,테슬라
U6pullS2A0E	[테슬라 전문가 몰아보기] 2025년에도 테슬라는 투자하는 히치하이커를 위한 인터뷰	테슬라
bEysSHvJc5A	[연수르의 미국주식 10부] 테슬라와 엔비디아, 결국 제대로 한판 붙을 것 같아요. 모두 주목하세요!	엔비디아,테슬라
gEQJsD8PFBE	[모라구효] AI로봇 시대, 엔비디아가 현대차에게 손을 내민 이유	엔비디아,현대차
mSEp9FIlbZY	[모라구효] 연초부터 대폭락 기록중이지만 테슬라를 믿어봐도 좋은 이유 '3가지'	테슬라
DSF-MepN_uQ	테슬라의 AI 전략에는 왜 모든 시선이 집중되는가?⎮정지훈 Asia2G 캐피털 제네럴 파트너 [3부]	테슬라
Kr-3lRKV1kE	테슬라 투자하려는 분들은 '이것' 반드시 기억하셔야 합니다. | 백수전 한국경제신문 기자 [풀영상]	테슬라
_bkEyfWHEEg	[월간아신 12월] 날아오르는 SK 하이닉스 2025년 반도체 시장의 중심이 되다? [1부]	SK하이닉스
Qme8xdpHBr4	Tesla's market cap will reach $300 trillion? Why Elon Musk is so confident | Baek Su-jeon, Korea ...	테슬라
-OvF40M5cwc	테슬라 자율주행 최신근황, 냉정하게 팩트만 분석해보겠습니다 | 백수전 한국경제신문 기자 [1부]	테슬라
m0k_JoPot_U	Google's quantum computing technology? It's not that great, in my opinion. IonQ stock? It's about...	구글
CwofVzgt3RU	몸이 건강해지고, 좋아지고 있다는 '착각' 팔란티어적 관점으로 보는 건강에 대해서 | 빅데이터닥터	팔란티어
__lgjp0cMB8	[그냥효] 구글 양자 컴퓨터 칩 윌로우 등장..? 근데 이게 비트코인을 해킹할거라구요? 제가 한마디만 하겠습니다	구글,비트코인
MgLnsYFH-Ro	[Breaking News] Google Unveils Quantum Computer Chip! Is Bitcoin Doomed?	구글
mPWmZzc9dCc	[속보효] 비트코인 10만달러 돌파! 지금이라도..? 아직 늦지 않은걸까...??	비트코인
iGyBC1YJoxE	[그냥효] 대한민국 경제 대들보가 무너진다? AI경쟁 뒤쳐지고 중국에겐 공격받고 더 이상 물러날 곳이 안보이는 삼성전자의 미래	삼성전자
6XHnKgvsE9I	[안단효] 엔비디아와 테슬라가 꿈꾸고 있는 2025년 [풀영상]	엔비디아,테슬라
6x9nVucW9Rc	[월간아신 11월] 중국 모바일 회사를 보는 삼성전자, 그리고 미국 빅테크를 보는 SK 하이닉스 [3부]	SK하이닉스,삼성전자
RwfDy4e2mUg	[월간아신 11월] 이재용 회장의 '반도체 특명' 과연 위기의 삼성전자를 살릴 수 있을까? [1부]	삼성전자
VlIGReNACV8	[연수르의 미국주식 2부] 다루는 데이터의 '퀄리티'가 다르다! 구글 아마존 위협하기 시작한 '페이팔'	구글,아마존
q91lvHJ-eBk	[연수르의 미국주식 1부] 경쟁 OTT 다 때려잡고 광고 시장 진출 선언한 넷플릭스! 그 이유를 알려드립니다.	넷플릭스
NlU1jkgXRw8	[모라구효] Q. 비트코인..아직도 뜨거운데요? A. 변화에 눈을 뜨고 적응해야 합니다	비트코인
TOyHm-8bGaw	[속보효] 400조가 걸린 큰 판이 밤사이에 벌어졌네요. 엔비디아 실적 결과 여기서 확인하세요	엔비디아
nqN5R1vGwm0	[그냥효] 비트코인 3억(정확히는 20만불) 간다는 리서치가 있네요...기분이 좋긴한데...일단 한번 계산 해보겠습니다	비트코인
UW_sAhzHLrg	[먼슬리구루] 하락장이 벌써 시작됐다는 버핏 vs 이제부터 불장 시작이라는 캐시우드 [1부-캐시우드]	버핏
TyyXkMdeQJE	9만달러 돌파한 비트코인! 경기침체가 와도 안전한 자산일까? | 윤수목 대표 [풀영상]	비트코인
LOXH9Exqazw	'크립토 프레지던트' 등장! 트럼프 당선이 비트코인 시장에 가져올 '의미' | 윤수목 대표 [1부]	비트코인
_Z9HwCi0dFM	[그냥효 테슬라 몰아보기] 간밤에 '진짜 폭등'한 테슬라, 주가 500달러 열차는 이미 출발한 것일까?	테슬라
SI9E-FUkg40	[속보효] 비트코인 1억 돌파, 절대 놓쳐선 안될 3가지	비트코인
A1VsLqe6dZI	[월간아신] 코스피 대장 삼성전자, 겹겹이 악재 쏟아진다 | IT의 신 이형수 대표 [1부]	삼성전자
HhBxaMCxG2E	팔란티어, 앞으로가 더 무서운 이유 총정리해드립니다⎮빅데이터닥터 [팔란티어 풀영상]	팔란티어
edKTsGnuzAc	[속보효] 모두 집중해주세요. 지금부터 테슬라의 시간입니다	테슬라
7AN3R3VmP3I	[속보효] 테슬라 실적발표 이후, +12% 급등한 세가지 이유	테슬라
Tlfk0Sh0kwY	삼성전자 당연히 응원해야죠 근데 지금은 마음으로만 하세요⎮오종태 이사 [1부]	삼성전자
vDR-K2uno6Q	52주 신저가 경신한 삼성전자! 지금이라도 '주도주'를 보셔야 합니다⎮김탁 밸류시스템자산운용 상무 [풀영상]	삼성전자
TEqEiU2KJdk	Why the US Government, CIA, and FBI Chose This Company⎮Big Data Doctor [Palantir, Part 2]	팔란티어
I9EDpPdvb2M	현대 전쟁을 지배하는 팔란티어! 빅데이터, 도대체 그게 뭔데?⎮빅데이터닥터 [팔란티어 1부]	팔란티어
tcVDY9EtRp0	삼성바이오로직스 분석의 '거의' 모든것⎮장민환 iM증권 연구원 [풀영상]	삼성바이오
MpimAB3RdFk	[속보효] 테슬라 로보택시 행사가 '축제'였던 이유!	테슬라
deqYsAxuAXU	삼성바이오로직스의 미래 먹거리는 '이 것' | iM증권 장민환 연구원	삼성바이오
8lDRfs7dRgI	월드클래스가 된 삼성바이오로직스, 더 갈 수 있는 이유는 '이 것' | iM증권 장민환 연구원	삼성바이오
oWanL5zRR8M	테슬라 로보택시 행사 D-1, 우리가 집중해야할 '이것' | 강정수 박사	테슬라
_8YyEQEA03I	경쟁사는 진땀뺄 때, 테슬라는 마우스 딸깍으로 문제 해결? | 강정수 박사 [2부]	테슬라
TyA2xUUfwcA	Tesla's Secret Weapon: Aiming for Dominance in the Electric Vehicle Market | Dr. Kang Jeong-su [P...	테슬라
ijhzsWA5Afo	게임체인저 비트코인의 진짜 중요한 '3가지' | 이장우 루트컴퍼니 대표 [풀영상]	비트코인
8dB5cd7P1KQ	Electric vehicles aren't the only thing that matters? This is what will lead Tesla's future. ⎮ Ki...	테슬라
XIgUmHhs63U	[Just Hyo] Tesla's robotaxi event is just around the corner! Here's a must-see video before it ha...	테슬라
VV7W-FXOsL8	미국 정부 인텔에 11조 지원 논의중..??!!⎮정지훈 ASIA 2G 캐피털 제네럴 파트너 [풀영상]	인텔
2qSfhqqu1BQ	[그냥효] 경기침체, 미국대선이랑 상관 없이 갈 것 같은 종목. 근데 이제 네이버 프리미엄 콘텐츠 광고를 곁들인	네이버
ARb36aSBdkg	[월간아신] 하락세인 삼성·하이닉스 다음 실적도 쇼크일거 같습니다..⎮IT의 신 이형수 대표	SK하이닉스
tWMfRoWSjcw	[월간아신] 앙숙인 대만 TSMC 활약에 웃음짓는 시진핑⎮IT의 신 이형수 대표	TSMC
iYqJjHaJr40	엔비디아의 진짜 무서운점은 기술이 아닌 '이것' 입니다⎮정지훈 ASIA 2G 캐피털 제네럴 파트너	엔비디아
XW93EtZ_3t0	엔비디아가 아니라구? AI 시대 최강자의 자리를 노리는 '이곳'⎮정지훈 ASIA 2G 캐피털 제네럴 파트너	엔비디아
AW77ScCzW1A	[모라구효] 빅테크들은 죄다 올랐는데 삼성전자 하이닉스는 손잡고 떨어진 이유	SK하이닉스,삼성전자
oubGRSUJdFU	걷고 퀴즈풀면 비트코인이랑 금을 주는 어플이 있다!⎮김현지 업라이즈 비트버니 부문 PM	비트코인
bb5XQwDiG0c	[안단효] 다시 위기맞은 엔비디아! 왕좌를 지킬 수 있을까?	엔비디아
8td2jFsmF9g	[그냥효] 말 그대로 시총이 증발해버린 엔비디아! 이유가 뭘까?	엔비디아
v86xAX5Qml0	[모라구효] 잠깐 반등? 여전히 위기? 엔비디아와 AI 산업의 미래	엔비디아
utfN2Mwku_Q	[월간아신] 호실적에도 급락한 엔비디아! 반도체 투자 전략 '이렇게' 잡아보세요⎮IT의 신 이형수 대표 [풀영상]	엔비디아
SSnymnY_rro	[속보효] 엔비디아! 이런 성장에도 주가가 빠지는 이유	엔비디아
qAQBT1VJyOE	[속보효] AI의 상징 슈퍼마이크로 컴퓨터 주가가 폭락하는 이유	슈퍼마이크로
7-gwjSP8zrw	[월간아신] 무서워진 삼성전자! 무엇이 달라진걸까?⎮IT의 신 이형수 대표	삼성전자
xBdmjf0kRXI	[월간아신] 삼성은 AI 온디바이스 시장에서 애플을 어떻게 상대할까?⎮IT의 신 이형수 대표	애플
d3fnpwSbMMA	AI시대와 네이버의 몰락, 이제는 하다하다 국뽕에 기대고 있어요 | 강정수 박사	네이버
aVn7dugXwDw	버핏이 애플 팔아서 시장이 위기다? 아니에요 '이것' 팔아야 진짜 위기죠 | 이선엽 신한투자증권 이사	버핏,애플
v2kQIaa9dxs	국민연금 비트코인 투자했네요. 근데 '이곳'은 진작 투자했습니다 | 수목튜브 윤수목 대표	비트코인
VLUYF8PrND0	미국 대선 후보들이 비트코인을 대하는 자세 | 원더프레임 김동환 대표 [풀영상]	비트코인
xOP68VaH5gw	[먼슬리구루] 버핏도 맨발로 뛰어오게 만드는 메모왕의 메모장 훔쳐보기 | 에릭	버핏
ewiTkouk3FA	엔비디아 실적은 나스닥을 부활시킬 수 있을까? | 설명왕 테이버	엔비디아
4wvzA40ZllA	하반기 비트코인 상승장 제대로 짚어드립니다 | 원더프레임 김동환 대표	비트코인
0FSeR-Jm_0Y	최근 상승하는 비트코인! 이유는 '이것' | 원더프레임 김동환 대표	비트코인
SQJsJ0PWopY	[속보효] 미국을 비트코인 성지로! 비트코인 시총 금 넘어선다!	비트코인
x9jT2AWKahI	[속보효] 시간외 급락한 테슬라, 간밤에 무슨 일이?	테슬라
tNcjIW1gAnc	테슬라 1,000% 상승 충분히 가능합니다. 하지만 차만 팔아서는 절대 안됩니다⎮강정수 박사 [풀영상]	테슬라
M5CEslTgz6A	[안단효] 이대로 가다간 중국에 잡힙니다. 규제에 막혀버린 테슬라 자율주행	테슬라
NPOltwg1nfE	[안단효] 버핏도 투자 했다 발뺀 기업! 가장 잘하지만 가장 위험하다!	버핏
Qk0oRVCGMUU	향후 테슬라의 주가... 저는 이렇게 봅니다⎮강정수 박사	테슬라
dNyPb2VLTDE	테슬라의 미래가 밝을 수 밖에 없는 '이유'⎮강정수 박사	테슬라
mEzSXObD648	Tesla, which has completed its autonomous driving industry restructuring, is launching a robotaxi...	테슬라
veG4WDWmZ0o	테슬라 주가 고공행진 하는 이유? 월가에서 인정하기 시작했습니다⎮강정수 박사	테슬라
RVXscNIfxRs	[그냥효] 모건스탠리 "테슬라 500달러 간다" 흠... 제가 한번 계산해볼게요	테슬라
jH0BChxGGgs	[Monthly Asin] Samsung IT CEO Lee Hyeong-su, who lost both Apple and Google	구글,애플
aiSvvQRHkEo	[월간아신] TSMC 낙수 노리던 삼성전자, 믿는 도끼에 발등 제대로 찍혔습니다⎮IT의 신 이형수 대표	TSMC,삼성전자
4wHpURdosQI	[속보효] 초비상! 비트코인 8,000만원 붕괴!! 이게 무슨 일이야!	비트코인
mbKw4sKFQiI	꼼수부리다 철퇴 맞은 중국! 빈자리를 차지할 기업은?⎮현대차증권 강동진 연구위원	현대차
uOMnuKlmQJM	[속보효] 저는 이렇게 말할게요 "비트코인판 오버행의 시작"	비트코인
QetHAhLuXbk	'이것' 때문에 원전 16개가 필요하다고요?⎮현대차증권 강동진 연구위원	현대차
YAk16_Niwz4	삼성바이오, 셀트리온 뒤를 이을 차세대 바이오 대장주는 '여기'⎮신한투자증권 엄민용 연구위원 [알테오젠 3부]	삼성바이오,셀트리온
8391zw_I2vY	[그냥효] 삼성전자는 코스피 대장의 자존심을 지킬 수 있을까?	삼성전자
uYT_xm-HyvM	비트코인 대표 금지국 중국! 홍콩에서 ETF는 허용된 이유⎮중국증권행정연구원 안유화 교수	비트코인
GY1nSIxu9RQ	[Breaking News] Musk Receives 77 Trillion Won in Compensation and Tesla's Stock Soars	테슬라
jmHm9fmK0dU	[그냥효] 간밤에 초 급등 한 애플! 제가 이때 애플을 산 이유	애플
P4DHesNuGB8	[안단효] 1위 이어 2위 자리 까지 내어준 애플, 다음주에 보여줄 비장의 카드는 무엇일까? [풀영상]	애플
0mAjapC4Mmc	애플 제치고 시총 2위 등극한 엔비디아! 다음 스텝은 '이것'⎮ASIA2G 캐피탈 제네럴 파트너 정지훈	애플,엔비디아
A130a1L81ek	[속보효] 엔비디아 시가총액 3조달러! 시총순위 2위 등극! 없는 사람은 어쩌나?	엔비디아
cTNgsM6CsV8	[월간아신] 벼랑끝에 내몰린 삼성전자! 비장의 무기가 남아있을까?⎮IT의 신 이형수 대표	삼성전자
9HOIyo5KI84	[먼슬리구루] 애플 주식 대량 매도한 버핏! 버핏은 무슨 생각일까? | 에릭	버핏,애플
n8yUY2PdUok	[안단효] 결전의 날을 준비하는 애플	애플
1AvSJfkXBgU	[안단효] 삼성전자 반도체는 정말 희망이 없는걸까?	삼성전자
0f6a8oiYp4E	[안단효] 압도적 퍼포먼스의 엔비디아! 준비중인 다음 스텝은 '이것'	엔비디아
q80UWf_augg	[월간아신] 삼성전자 이번엔 다르다? 한번더 믿어봐야 할까?⎮IT의 신 이형수 대표	삼성전자
dBxBsY_h5zY	[월간아신] 엔비디아에게서 벗어나려는 빅테크들의 발버둥?⎮IT의 신 이형수 대표	엔비디아
f_y7E4COXwY	이더리움 ETF 승인! 비트코인은 웃고있을까 울고있을까?⎮김동환 원더프레임 대표	비트코인,이더리움
lfMO6YrTQ_Q	이더리움 ETF 승인이 가져올 파장 #박지원	이더리움
mBooqiK_tEI	[그냥효] 주식 공부를 했다면 이틀 전에 엔비디아를 살 수 있었을까?	엔비디아
_w0ip5ba7o4	[속보효] 상식 밖의 영업이익률 보여준 엔비디아! 진짜 땅파서 장사하는걸까?	엔비디아
QnjTRbbEi68	라인을 꿀꺽하려는 일본과 네이버의 치열한 공방⎮법무법인 디엘지 안희철 변호사	네이버
OOF0UMEDFTQ	엔비디아 실적 발표전 AI 빅테크 총정리 영상보고 가세요 | 삼성액티브자산운용 양희창 매니저 [풀영상]	엔비디아
gBGGclzvhN4	이번 주주총회를 통해 버핏이 우리에게 내려준 가르침 | 라쿤자산운용 홍진채 대표 [풀영상]	버핏
4z-nS5XZmgE	[속보효] 구글이 차린 밥상을 엎어버린 샘 알트만	구글
PvME18WYoaA	[먼슬리구루] 지금 테슬라 사라는 사람 vs 경기 침체 온다는 사람 | 에릭 [풀영상]	테슬라
AKwPU_oMGK4	가치투자의 제왕 버핏이 생각하는 애플과 테슬라의 투자 가치 | 라쿤자산운용 홍진채 대표	버핏,애플,테슬라
Lv2iPvsOkyI	찰리 없이 혼자하는 주총에서 버핏이 밝힌 비밀 | 라쿤자산운용 홍진채 대표	버핏
CVFjEXPwLo0	[그냥효] 애플이 위기라고 하더라구요? 근데 저는 일단 샀어요	애플
jmZhoDYIfug	[속보효] AI 끝물이라면서 엔비디아로 큰돈 버는 사람	엔비디아
Srd95urKK-g	[안단효] AI 후발주자 애플이 제일 무서운 이유는 '이것' [풀영상]	애플
v-NccXrDzHM	비트코인으로 돈 버는 기본 원칙은 '이것' | 수목튜브 윤수목 대표	비트코인
MPdG4wlsQZQ	비트코인 폭망 시나리오 한번 써볼게요| 수목튜브 윤수목 대표	비트코인
xGCanQLEC3s	비트코인 반감기인데 왜 떨어져요? 알려드릴게요 | 수목튜브 윤수목 대표	비트코인
9wgHBh7l3B0	슈퍼차저팀 전원 해고한 테슬라! 2차 전지 시장에 활력이 돈다?! #박지원	테슬라
YEypF4tCrxk	[먼슬리구루] 아직도 테슬라를 안샀어? 지금이 바닥이라니까 ㅋㅋ| 에릭	테슬라
IZmL2dfvD1Q	[속보효] 비트코인 급락, 3가지 이유와 대응방안	비트코인
WYKbNPs6Q7E	[안단효] 애플을 사고 싶어졌습니다. AI 반격 시작한 애플 #김단테 #안될공학	애플
GBNXbRdaH0E	[속보효] 돌아온 일론머스크! 중국 FSD승인?! 테슬라 급등?!	테슬라
i8bie7eOlcA	[속보효] 테슬라 급등! 간밤에 무슨일이 있던걸까? 이유 알려드릴게요	테슬라
31oLAGa1kwU	[월간아신] 제2의 엔비디아가 될 기업은 '이곳' 일 수도 있습니다	엔비디아
CPeYSJ478lg	[월간아신] 급락해버린 엔비디아 '이때' 반등 한번 옵니다! 꼭 기억하세요!	엔비디아
gr2Y7oNFqLM	비트코인 반감기가 왔습니다. 근데 이건 시작에 불과합니다 | 미래에셋증권 이용재 선임매니저	비트코인
3MEue4qqc6w	비트코인 ETF 약발은 떨어진건가요? 아뇨 이제 시작입니다 | 미래에셋증권 이용재 선임매니저	비트코인
HEwdT_U4h5k	이더리움 ETF 승인 노리는 블랙록! 승인 가능할까?  | 미래에셋증권 이용재 선임매니저	이더리움
qlzanFwNknc	[속보효] 또 난리난 중동! 비트코인은 과연 안전자산이 될 수 있을까?	비트코인
CYG3o30y0I4	[그냥효] 비트코인은 가치가 없다구요? 제 생각은 조금 다릅니다	비트코인
SFeqfiTddtw	[먼슬리구루] 대가들이 전하는 올해 투자에 대한 묵직한 조언⎮엔비디아, AI, 버블, 비트코인 [풀영상]	비트코인,엔비디아
xjxO5QzbXGg	[속보효] 박살난 비트코인과 코스닥! 큰일 난 걸까?	비트코인
jmcU1s_k0Y4	[먼슬리구루] "비트코인은 강남 아파트 1채값까지 올라갈 것"⎮에릭	비트코인
_nXQnfNoV-A	[먼슬리구루] 레이달리오 "엔비디아는 이미 버블 터졌다" 헤지펀드 전설의 무서운 조언⎮에릭	엔비디아
nBhplKKliNY	국내 반도체 시장의 열쇠를 쥐고 있는 엔비디아의 선택은?⎮팔라티노 프라이빗에쿼티 송종호 대표 [풀영상]	엔비디아
Vk-S3rb7gYY	[안단효][공대삼돌이]하드웨어 시장 접수한 엔비디아! 이제 소프트웨어 시장까지?⎮이효석X김단테X안될공학	엔비디아
hJot9J99-AQ	[안단효][공대삼돌이]시총 1위에 도전하는 엔비디아! 숨겨놓은 비장의 무기는?⎮이효석X김단테X안될공학	엔비디아
l7dtcLWzkD0	[속보효] 젠슨황 "삼성전자에 기대중", 젠승황의 부름을 받은 삼성전자 급등! | (feat. 안될공학 에러)	삼성전자
qb6uV2uCsjs	[속보효] 비트코인, 코스피 급락에 혼란스러운 투자자분들께 골드만삭스가 전해주는 묵직한 소식	비트코인
9THSHpl-7d0	[속보효] 롤러코스터 같은 비트코인! 이럴 때일수록 진정하세요	비트코인
_B93ErSFZIg	[월간아신] 삼성전자 초비상! 이번엔 진짜 위기입니다	삼성전자
zyfUHT15ouM	[월간아신] 위기의 애플, 이번엔 진짜 위험합니다	애플
FHw8btioJwo	[월간아신] AI대장 엔비디아의 오른팔은 누가 될까?	엔비디아
RoLi4e-9bxg	위기의 삼성전자, 올해엔 반드시 갑니다⎮체슬리투자자문 박세익 전무	삼성전자
7L7IuyLTJOA	[속보효] 비트코인이 상승하는 진짜 이유를 알려드릴게요!	비트코인
Y5MXLBtPs64	중국 전기차의 반란? 일론 머스크는 어떻게 볼까⎮테슬라 삼촌 박형근 연구원 [풀영상]	테슬라
9VCVeQb3VQk	220조를 쌓아 놨지만, 이 주식은 사고 있어요! 워런 버핏 형님의 묵직한 조언⎮먼슬리구루	버핏
ufYcznqbflg	[속보효] 비트코인 전고점 돌파!! 사? 팔아? 어쩔까?	비트코인
s44tJTPdPnI	[속보효] 전기차 포기한 애플! 테슬라에겐 호재? 악재?	애플,테슬라
phR0QBJNTG4	애플도 접은 전기차, 테슬라의 미래는?⎮테슬라 삼촌 박형근 연구원	애플,테슬라
zdruTFtpjqo	생태계를 파괴하는 중국 전기차의 습격⎮테슬라 삼촌 박형근 연구원	테슬라
2tdy1s9xvXM	손해보고 파는 전기차가 있다? 후발주자의 설움⎮테슬라 삼촌 박형근 연구원	테슬라
jTBZbAJN3hY	역대급 실적의 엔비디아! 바이오에 손을 댄다고??⎮원리버 강하나 연구원	엔비디아
r32XCyachZU	[월간공학] 엔비디아 $1,000 가는법은 데이터센터?	엔비디아
1RUUAyGwCHU	"컴공, 프로그래머 필요없는 세상 온다" 엔비디아 CEO 젠슨황의 작심발언 #박지원	엔비디아
-LwpsWILhr8	손대면 오르는 엔비디아! 다음 타겟은 바이오?⎮원리버 강하나 연구원	엔비디아
gAqrn5wFTPo	[속보효] 9,000조 투자 결정한 샘 알트만! 엔비디아, 삼성, TSMC 사고도 남는 돈?	TSMC,엔비디아
-ODC8HU1GOE	애플이 AI 시장 뒤집기 위해 하는 '이것'⎮내일은 투자왕 김단테	애플
YEfHqcT1D-Q	[월간아신] 위기의 삼성전자와 현대차를 살릴 반도체의 지존이 옵니다⎮IT의 신 이형수 대표	삼성전자,현대차
Tvo6rXO8Zx4	[리뷰효] AI칩 자체 설계하려는 빅테크 vs 이미 예상한 엔비디아	엔비디아
QwK0nP0H7FE	[Breaking News] Tesla's Falling, Musk's Real Concerns Are Different (feat. Chinese Electric Vehic...	테슬라
GDYL2fIgJQE	Are you struggling with Tesla? Here's another solution: Kim Do-hyung, Head of Samsung Asset Manag...	테슬라
oHBJg-dBb6Q	[월간공학] GPT 스토어 오픈과 뒤쳐진 애플의 반격	애플
h6orjQVleVM	[2024 조선일보 재테크 박람회 강의 영상] AI에 계속 투자하고, 비트코인으로 헤지하자!	비트코인
OWyjBf4F_vM	[월간공학] MS에 시총 1위 털린 애플, 이대로 AI 시장은 포기하는걸까	애플
oZDbaRK9tN8	[속보효] 오늘은 역사적인 날입니다 | 비트코인ETF 통과!, GPT store 출시!	비트코인
M4b1n0mXslM	비트코인 ETF만큼 중요하다? 중앙은행이 찍어내는 디지털 화폐 CBDC 설명해드립니다 | 미래에셋증권 이용재 선임매니저	비트코인
BeUhI4uEovQ	비트코인 ETF 승인되면 엄청난 일들이 벌어집니다! | 미래에셋증권 이용재 선임매니저	비트코인
bRsPNBLTLVg	비트코인 가격? 결국엔 이렇게 될수밖에 없습니다 | 오태민 작가	비트코인
kC5XDjQXzcs	비트코인에 대해서 이렇게 접근하는 건 처음입니다 | 오태민 작가	비트코인
K-oJsH7jLmk	[월간아신] 애플과 엔비디아의 소름끼치는 평행이론⎮IT의 신 이형수 대표	애플,엔비디아
AJ38BRgILCQ	[월간공학] 애플이 위험하다?! 마이크로소프트가 준비한 마지막 한방!	MS,애플
h1y4ZY3sqNE	AI 대장주는 이제 엔비디아가 아닙니다⎮삼성액티브자산운용 양희창 매니저, 바바리안 리서치 정희석 이사	엔비디아
vg4om48-n4o	AI 반도체 시장, 엔비디아를 위협할 기업은 '이곳'입니다!⎮유진투자증권 이승우 센터장	엔비디아
yrJsWEcNPyE	[월간아신] 10월 풀버전! 이달의 반도체 시장 총정리! 삼성전자가 맞이한 기회!⎮IT의 신 이형수 대표	삼성전자
o_ZcatS-vmc	삼성전자에게 찾아온 역대급 기회⎮IT의 신 이형수 대표	삼성전자
rwzv6PcK8IE	[월간아신] 엔비디아가 주춤한 이유는 '이것' 때문!⎮IT의 신 이형수 대표	엔비디아
KM4P1GwBJpg	[월간아신] 삼성전자, TSMC의 빈틈을 노리다!⎮IT의 신 이형수 대표	삼성전자
w-w9TMr8Nuc	[Breaking News] China's iPhone ban sends Nasdaq plummeting. #Apple #Huawei #Employment	애플
P5S5fifsbLQ	[월간아신] 엔비디아 고공행진 속 숨겨진 의미⎮IT의 신 이형수 대표	엔비디아
ay2G1B5Afl0	[월간아신] 삼성전자 vs SK하이닉스 반도체 전쟁⎮IT의 신 이형수 대표	SK하이닉스,삼성전자
X2jMsogdRRs	심상치 않은 테슬라, 일론 머스크의 숨은 의도?	테슬라
P7ek85q3QlU	테슬라 2분기 실적의 숨겨진 진짜 호재는 이겁니다⎮자동차 미생	테슬라
i9DZ2UgGzQ4	테슬람 대장이 전하는 묵직한 조언 | 론 바론 #테슬라	테슬라
K5l4I0wqF1c	애플은 버블이 없습니다. 450만 원이 비쌀까? 비전프로 전격해부!⎮미국주식사관학교	애플
Dy6z5NROlWw	[속보효] 코인시장 급락, 머선129? | #SEC #비트코인 #증권성	비트코인
Al1qMskE5wM	버핏형님 주주총회 다녀온 썰 & 최근 시장에 관한 생각⎮홍진채 라쿤자산운용 대표 1부	버핏
w5tWMZKN530	[월간아신] 삼성전자 파운드리 수혜기업 리스트⎮IT의 신 이형수 대표	삼성전자
LrELU1CWWFY	[월간아신] '호재가 쏟아져요' 삼성전자 파운드리 소식 총정리⎮IT의 신 이형수 대표 1부	삼성전자
i5p-cZ80eoo	워런 버핏이 인정한 찐고수 투자 천재 리루의 투자조언⎮위클리 구루	버핏
kgeZ9MT7GfI	[풀버전] 달러패권의 종말, 비트코인은 미국의 지정학적 무기가 됩니다 l 오태민 작가 '비트코인, 그리고 달러의 지정학'	비트코인
0nfDYLy_6a4	목표는 금융망 붕괴입니다. 최강대국 미국이 흔들리는 진짜 이유 l 오태민 작가 '비트코인, 그리고 달러의 지정학' 2부	비트코인
dz-LEgSPmgQ	스탠다드 차타드 "비트코인 10만 달러 간다", 장밋빛 미래의 합리적인 근거ㅣ크립토 핫이슈	비트코인
Q171YmpqEA4	시장이 이더리움의 장기 상승을 예상하는 이유ㅣ크립토 핫이슈	이더리움
i-MUbf26oW0	어둠의 워런 버핏이 전하는 지금 공매도하기 좋은 이유	버핏
fVJGO723vzo	달러는 비트코인을 싫어하는데, 미국기관들은 왜?⎮크립토 핫이슈	비트코인
_NzBICvN3Wc	악재 속 급반등한 비트코인, 그러나 여전히 존재하는 위험과 연쇄위기의 가능성⎮크립토 핫이슈	비트코인
nDKU5An2PNA	[속보효] ﻿은행위기 아직 안 끝났다 #유가 #금 #비트코인	비트코인
2hwIvuYeuw0	[속보효] 아직은 잡히지 않은 물가, 눈에 띄는 한 가지 #비트코인	비트코인
qBjN-Mh2-pc	[월간아신] 반도체 시장에 특이점이 옵니다. GPT4와 엔비디아가 미칠 영향ㅣIT의 신 이형수	엔비디아
oev7mEbZtJI	Honest Thoughts on ChatGPT and Google's Doomsday Theory | Tomorrow's Investment King Kim Dante	구글
UlJbTUuuaLc	The AI ​​war is a complete defeat for Google.	구글
e_A_l5UJLI8	Tesla's Stock Surge: Betting on Potential Again	테슬라
Jby3xgzOGmQ	애매한 테슬라 실적 이렇게 이해하면 됩니다	테슬라
Z7uDMMHT32I	비트코인 상승 이유와 전망을 전해드립니다. [크립토 핫이슈]	비트코인
_dw9m7msBxw	애플·테슬라 쇼크... 고통스러운 첫출발입니다	애플,테슬라
78jpzwd7Rzo	내년 미국 경제에 대한 10가지 질문(feat. BofA) #테슬라 #경기침체 #천연가스	테슬라
6uMY7UamkRs	테슬라도 산타랠리 끼워 주나요?	테슬라
YpiAaDtU1cI	중간선거 앞두고 주가 상승, 테슬라만 빼고...	테슬라
KOruwAAyO30	애플을 제외한, 빅테크들이 추락하고 있습니다!	애플
uhOT5mN9cHo	It's time to think more deeply about Tesla | Automotive Misaeng	테슬라
QIqd6qptUAM	예상치 밑돈 실적에 시간외 급락... 테슬라는 킹달러가 밉다	테슬라
rem3cdextrA	미국 경기침체 맞나? 넷플릭스, 은행주 서프라이즈	넷플릭스
ocUfNTEy0xA	Would a roboticist want to join Tesla AI Day? (feat. Yusanam Yoo)	테슬라
A0yGQVDGLWQ	소름돋는 테슬라의 큰그림(AI데이 리뷰)ㅣ내일은투자왕 김단테	테슬라
oMn_OzGfVK4	애플 신제품 발표, 그리고 어제 있었던 시장의 변화들	애플
BSTVF2VRh2A	비트코인 투자하려면 이 지표부터 봐야합니다(ft. 크립토퀀트 주기영 대표)	비트코인
kgUiAIJZrfc	스탠포드 박사가 생각하는 테슬라의 미래	테슬라
67DT5EG1RPE	돈 빌려서 주식 사는 애플 | 펠로시 대만 방문으로 미중 충돌하나?	애플
1DCgaOqu9PM	Apple and Amazon Earnings Announcements: Big Tech's Stunning Return	아마존,애플
lbXF4O_J7fE	[종목분석] LG화학 투자가 고민이라면 이 영상 먼저 보세요	LG화학
g-Zd7WyffDo	테슬라 실적을 보고 든 생각	테슬라
Vu4XcyHEQPA	[종목분석] 역대 최고 실적 현대차, 왜 주식은 그대로지??	현대차
E2RFjJWffq4	쏠림에 대한 되돌림 #BoA #이더리움	이더리움
mlMKqaB43jY	애플도 채용을 멈춘다고? 중국부동산 위기	애플
pet2GMGINx8	입사 2주 신입도 예외 없음. 테슬라 대규모 해고 폭풍	테슬라
NwgoE2HN_x8	[긴급 시장점검] 셀시우스, 이더리움 예상보다 훨씬 심각하다	이더리움
fQ_NyHyQsbg	테슬람이 그리는 테슬라의 미래ㅣ테슬라의 모든것#2	테슬라
iPwO6al4sHY	트위터 테슬람 총출동ㅣ테슬라의 모든 것#1	테슬라
4wrx94S7kEU	AI가 만화도 그리는 세상(w.네이버 웹툰AI 김대식 총괄 2부)	네이버
OsUDdhhJPyw	'테슬라의 경쟁력' AI 박사의 생각은 이렇습니다(w.네이버 웹툰AI 김대식 총괄 1부)	네이버,테슬라
Kd8e4HiT5MI	버핏은 투자만큼 연애도 잘했을까?	버핏
9bQVrn5O8Pk	적의 심장을 찌른 테슬라, 문화가 되다ㅣ자동차 미생 3부	테슬라
_YMA4pvL1oA	테슬라가 시작한 오토워(Auto War) ㅣ자동차 미생 1부	테슬라
MxxQY5RKpj0	테슬라 주주분들은 꼭 보세요 #테슬라 #TSLA #미국주식	테슬라
TRK3LoC1Qg8	워런 버핏, 시장이 어려울 때 생각나는 사람 (w. 홍진채 대표)	버핏
ayH-lxEhW6c	테슬라에 투자해야 할 또다른 이유 - VPP 2부 #V2G #테슬라 #엔페이즈	테슬라
6ICqeZLIs-o	테슬라 주가가 상승하는 진짜 이유가 이 것 때문이라고?	테슬라
n9G66V4l3qA	Investment ideas discovered by CEO Tak amidst the macro bombing #KimTak #Apple	애플
U7hGJsQ7wro	LG화학과 국민연금에게 현실적인 제안을 드립니다!  #SaveKospi	LG화학
5PnZ0afHUwM	애플이 애플하면, 페이팔은 어쩌나?!!! #애플 #페이팔 #태양광 #치폴레	애플
ZBGrhG4TTH4	연휴기간 금융시장  총정리 #주식 #채권 #환율 #비트코인 #나스닥 #구글 #연준	구글,비트코인
MRTuNz2_YAA	오늘부터 진짜 새해, 시장이 자신감을 찾은 진짜 이유 #나스닥 #비트코인 #테슬라	비트코인,테슬라
sgpdhKE9JnQ	애플이 살렸다 #애플 #나스닥 #비트코인	비트코인,애플
0UfoysUldZM	LG에너지솔루션 때문에 화가 나신 분은 꼭 보세요 #3부 #김규식	LG에너지
6bvYbaz2XSU	나는 워렌버핏은 존경하지만 돈은 테슬라로 벌었다 #2부 #테슬라 #워렌버핏 #김규식	버핏,테슬라
6GKd4b-rJwk	지금은 아이디어보다 생존이 중요한 때입니다. #시장대응 #넷플릭스 #펠로톤	넷플릭스
m6llGSfXO7Y	그로스파인더 장현호의 투자 조언 (LG에너지솔루션이 패시브가 낳은 괴물이 될 수 있는 이유) #LG에너지솔루션 #그로스파인더	LG에너지
HhJnT8MWVK8	LG에너지솔루션 상장, 이 영상으로 고민 끝내시죠! #LG에너지솔루션 #이차전지	LG에너지
XF5WfB5jPok	애플, 테슬라 투자하려면 이건 점검하셔야죠~!	애플,테슬라
9RNjm3UIMJ8	NFT 완벽 정리 (with.이학무연구원) #NFT #웹3.0 #Cryto #이학무 #비트코인 #이더리움 #중앙화	비트코인,이더리움
h_hvx3lcvyY	[긴급] 자산가격 급락, 진짜 두려워해야 하는 것은 따로 있다? #비트코인, #나스닥, #고용, #블라드, #찰리멍거	비트코인
e_uybPTEjDk	전세계에서 가장 똑똑한 돈은 이곳으로 움직입니다 #비트코인 #이더리움 #NFT #솔라나	비트코인,솔라나,이더리움
HJrwAMawbYM	나스닥은 하락했는데, 테슬라는 800불	테슬라
LBYHMOX-6Oc	이효석의 인터뷰 - 네이버, 카카오, 구글, 애플이 흔들릴 때 봐야하는 영상, 데이터는 왜 돈이 되는가?? (with. 조봉수 실장)	구글,네이버,애플,카카오
k0b9qrF7UAo	iDEA - 여인은 돌아서지 않는다 #ECB, #네이버, #카카오, #라가르드	네이버,카카오
A3Kn_If_Sls	iDEA - 네이버,카카오 급락에 대한 생각	네이버,카카오
C87YX4hxiBA	iDEA - 비트코인 급락, 무슨일? #엘살바드로, #비트코인, #법정화폐, #업비트, #코인원,	비트코인
O5XkiYa-V0I	iDEA - 쓰레기는 무엇일까? #채권, #현금, #주식, #배터리, #카카오뱅크, #북카페 #복잡계	카카오
X2W52AIbV5I	iDEA - 이길 수 없으면, 합류하라 #나스닥, #고용, #카카오뱅크, #ADP	카카오
CyciJ7HDCIU	[Part 1] Lee Hyo-seok's Interview - Is the Next Tesla Here? All About Gene Scissors (feat. Profes...	테슬라
pHX4GX7ssUY	삼성전자 주주분들께 드리는 말씀 #삼성전자 #테슬라 #자본정책 #경제공부 #주식공부 #투자 #연준	삼성전자,테슬라
bGTbLKDbDQU	iDEA - 모두가 힘들지만, 투자해야하는 이유 #투자, #KOSPI, #AIday, #테슬라, #인간의본성, #심리, #주식	테슬라
DlXkBlgSyCA	테이퍼링 유감 #미국주식, #고용, #인플레, #연준, #의사록, #삼성전자, #하이닉스	SK하이닉스,삼성전자
RIJFkSywFyY	[투자 아카데미 #모아보기]  이루다투자일임 김단테 대표님의 강의 집대성! 투자 성공을 원하시는 모든 분들을 위한 자산배분의 모든것!! #주식 #투자 #자산배분 #비트코인	비트코인
G6MVTqhqPCs	[투자 아카데미 22강] 비트코인도 투자 자산일까?? (강사 : 김단테 대표) #자산배분 #주식 #비트코인 #변동성 #상관관계 #투자 #집중투자 #bitcoin #경제공부	비트코인
UtQg__wikGU	카카오뱅크 고평가를 이야기하기 전에 봐야할 영상 #카카오뱅크, #삼성전자,#주식, #투자, #데이터, #테슬라, #Quality, #인포맥스, #김창권 #정희석	삼성전자,카카오,테슬라
Nogy8iV7bWU	WISE - 폴트라인?! 퀄리티 중요성 커질 듯 #테슬라	테슬라
LtSmvDSE7us	이효석의 북카페 #7 - 탄소제로를 꿈꾸는 니콜라 테슬라의 후예들!? #조원경 #넥스트그린레볼루션 #탄소제로 #그린 #수소 #노아의방주 #ESG #기후위기 #탄소중립 #탄소네거티브	테슬라
IDPcp2podog	이효석의 북카페 #5 - 네이버 카카오를 좋아하는 또 하나의 이유는 물류입니다! #네이버 #카카오 #물류 #아마존 #풀필먼트 #네카쿠배	네이버,아마존,카카오
DRfZ_dkPCLM	제가 두려워하는 진짜 리스크(위험) #주식 #리스크 #위험 #기후 #비트코인 #부채 #유니콘 #좀비콘 #PSR #테슬라	비트코인,테슬라
z0EaD9smMG4	WISE - FOMC 이후 세가지 미스테리, #주식, #인플레이션, #장단기금리차, #물가, #달러, #연준, #리플레이션, #Quatliy, #지속가능성, #성장, #ESG	리플
Ig13_WNF7UI	[긴급] 시장점검, 비트코인에 무슨일이?	비트코인
5_AbVHAZEAI	Book Giveaway Event - Find the Next Tesla (with Hong Seong-cheol, Head of Headquarters)	테슬라
n3NzYwL8Ecs	이효석의 iDEA - 애플의 참전	애플
OcdFo3fJFRs	이효석의 iDEA - 테슬라의 성공이 중요한 이유	테슬라
J8dQJ7Icawc	이효석의 iDEA - COE (@테슬라)	테슬라
gF11lv5lyD0	이효석의 iDEA - 리얼옵션(@테슬라)	테슬라
PkIOYJVZZ2Q	이효석의 iDEA - 현대차 E-GMP good~!	현대차
0hSjInzIKg0	이효석의 iDEA - 마이크론 가이던스 UP	마이크론
l62zo0tYcfM	WISE - 삼성전자 바이콜	삼성전자